{
    "train_metrics": {
        "accuracy": 0.9500024412870466,
        "precision": 0.9435854245626824,
        "recall": 0.9500024412870466,
        "f1": 0.9425073621879547,
        "roc_auc": 0.9819474573978149
    },
    "valid_metrics": {
        "accuracy": 0.9461042765084944,
        "precision": 0.9377785506363877,
        "recall": 0.9461042765084944,
        "f1": 0.937780094001568,
        "roc_auc": 0.9799478056910284
    },
    "test_metrics": {
        "accuracy": 0.9487404803749268,
        "precision": 0.9417229909029019,
        "recall": 0.9487404803749268,
        "f1": 0.9408234589688825,
        "roc_auc": 0.9822237151391098
    },
    "cv_results": {
        "mean": 0.9433659390910432,
        "std": 0.00235548590060916
    }
}