{
    "train_metrics": {
        "accuracy": 0.9563497876080269,
        "precision": 0.9521472513863926,
        "recall": 0.9563497876080269,
        "f1": 0.9517678432186035,
        "roc_auc": 0.9891251102095833
    },
    "valid_metrics": {
        "accuracy": 0.9506444053895724,
        "precision": 0.9448693176111868,
        "recall": 0.9506444053895724,
        "f1": 0.9456100774490372,
        "roc_auc": 0.9858650975230431
    },
    "test_metrics": {
        "accuracy": 0.9525483304042179,
        "precision": 0.9472277445603278,
        "recall": 0.9525483304042179,
        "f1": 0.9472572934118192,
        "roc_auc": 0.9873406023193446
    },
    "cv_results": {
        "mean": 0.9479983672719646,
        "std": 0.002299581589163716
    }
}