{
    "train_metrics": {
        "accuracy": 0.9999715391621129,
        "precision": 0.9999715424018213,
        "recall": 0.9999715391621129,
        "f1": 0.9999715391620205,
        "roc_auc": 0.9999999989199742
    },
    "valid_metrics": {
        "accuracy": 0.9420035149384886,
        "precision": 0.9384179881249584,
        "recall": 0.9420035149384886,
        "f1": 0.9399230728907781,
        "roc_auc": 0.9817751928460213
    },
    "test_metrics": {
        "accuracy": 0.9456649091974224,
        "precision": 0.9425823948204666,
        "recall": 0.9456649091974224,
        "f1": 0.9438670423283027,
        "roc_auc": 0.9834016127041995
    },
    "cv_results": {
        "mean": 0.9527347967621139,
        "std": 0.039468115866196696
    }
}