{
    "train_metrics": {
        "accuracy": 0.9998007741347905,
        "precision": 0.9998007773722856,
        "recall": 0.9998007741347905,
        "f1": 0.999800774134145,
        "roc_auc": 0.9999998379961413
    },
    "valid_metrics": {
        "accuracy": 0.9434680726420621,
        "precision": 0.941732658854631,
        "recall": 0.9434680726420621,
        "f1": 0.9425367607624945,
        "roc_auc": 0.9830921338780197
    },
    "test_metrics": {
        "accuracy": 0.9471294669009959,
        "precision": 0.944130574023944,
        "recall": 0.9471294669009959,
        "f1": 0.9453703657221345,
        "roc_auc": 0.9851611855595797
    },
    "cv_results": {
        "mean": 0.9543276889347142,
        "std": 0.03297075761889055
    }
}