{
    "train_metrics": {
        "accuracy": 0.9373077486450857,
        "precision": 0.8834236498881306,
        "recall": 0.9373077486450857,
        "f1": 0.9083927090710182,
        "roc_auc": 0.9827714363019897
    },
    "valid_metrics": {
        "accuracy": 0.9374633860574106,
        "precision": 0.8835866149231291,
        "recall": 0.9374633860574106,
        "f1": 0.9085524775718831,
        "roc_auc": 0.9792637437558079
    },
    "test_metrics": {
        "accuracy": 0.9370240187463386,
        "precision": 0.8831500599815139,
        "recall": 0.9370240187463386,
        "f1": 0.9081136276111271,
        "roc_auc": 0.9820822499384291
    },
    "cv_results": {
        "mean": 0.9082462287759858,
        "std": 0.0004276710575675005
    }
}