{
    "train_metrics": {
        "accuracy": 0.9996869307832422,
        "precision": 0.9996870893483083,
        "recall": 0.9996869307832422,
        "f1": 0.9996869307335381,
        "roc_auc": 0.9999997872349322
    },
    "valid_metrics": {
        "accuracy": 0.925161101347393,
        "precision": 0.9333182349830365,
        "recall": 0.925161101347393,
        "f1": 0.9286877366791716,
        "roc_auc": 0.9150282829060756
    },
    "test_metrics": {
        "accuracy": 0.922231985940246,
        "precision": 0.9262619093701328,
        "recall": 0.922231985940246,
        "f1": 0.9241231711871439,
        "roc_auc": 0.9035767427448671
    },
    "cv_results": {
        "mean": 0.9337874995707118,
        "std": 0.03175260629499211
    }
}